Volcano Number,Volcano Name,Country,Latitude,Longitude,Elevation
210010,West Eifel Volcanic Field,Germany,50.17,6.85,600
210020,Chaine des Puys,France,45.775,2.97,1464
210030,Olot Volcanic Field,Spain,42.17,2.53,893
210040,Calatrava Volcanic Field,Spain,38.87,-4.02,1117
211003,Vulsini,Italy,42.6,11.93,800
211004,Colli Albani,Italy,41.73,12.7,949
211010,Campi Flegrei,Italy,40.827,14.139,458
211020,Vesuvius,Italy,40.821,14.426,1281
211030,Ischia,Italy,40.73,13.897,789
211031,Palinuro,Italy,39.48,14.83,-70
211040,Stromboli,Italy,38.789,15.213,924
211041,Panarea,Italy,38.638,15.064,399
211042,Lipari,Italy,38.49,14.933,590
211050,Vulcano,Italy,38.404,14.962,500
211060,Etna,Italy,37.748,14.999,3295
211070,Campi Flegrei del Mar di Sicilia,Italy,37.1,12.7,-8
211071,Pantelleria,Italy,36.77,12.02,836
211080,Marsili,Italy,39.284,14.399,-779
212020,Methana,Greece,37.615,23.336,760
212030,Milos,Greece,36.699,24.439,751
212040,Santorini,Greece,36.404,25.396,367
212050,Nisyros,Greece,36.586,27.16,698
212051,Yali,Greece,36.671,27.14,180
213000,Kula,Turkey,38.58,28.52,750
213001,Karapinar Field,Turkey,37.667,33.6,1302
213002,Hasan Dagi,Turkey,38.13,34.17,3253
213003,Gollu Dag,Turkey,38.25,34.57,2143
213004,Acigol-Nevsehir,Turkey,38.537,34.621,1683
213010,Erciyes Dagi,Turkey,38.531,35.447,3864
213011,Karaca Dag,Turkey,37.67,39.83,1957
213020,Nemrut Dagi,Turkey,38.654,42.229,2948
213030,Tenduruk Dagi,Turkey,39.356,43.874,3514
213040,Ararat,Turkey,39.7,44.3,5165
214010,Elbrus,Russia,43.351,42.442,5642
214020,Kazbek,Georgia,42.7,44.5,5050
214050,Samsari Volcanic Center,Georgia,41.542,43.7,3290
214060,Aragats,Armenia,40.53,44.2,4095
214070,Ghegham Volcanic Ridge,Armenia,40.283,45,3597
214080,Vaiyots-Sar,Armenia,39.797,45.497,2575
214090,Porak,Armenia-Azerbaijan,40.028,45.74,3029
214100,Tskhouk-Karckar,Armenia-Azerbaijan,39.742,45.992,3139
221010,"Tair, Jebel at",Yemen,15.55,41.83,244
221020,Zubair Group,Yemen,15.05,42.18,191
221021,Zukur,Yemen,14.02,42.75,624
221022,Hanish,Yemen,13.72,42.73,422
221040,Alid,Eritrea,14.88,39.92,904
221041,Dallol,Ethiopia,14.242,40.3,-48
221050,Gada Ale,Ethiopia,13.975,40.408,287
221060,Alu-Dalafilla,Ethiopia,13.793,40.553,578
221071,Bora Ale,Ethiopia,13.725,40.6,668
221080,Erta Ale,Ethiopia,13.6,40.67,613
221090,Ale Bagu,Ethiopia,13.512,40.631,988
221091,Hayli Gubbi,Ethiopia,13.51,40.722,493
221100,Dubbi,Eritrea,13.579,41.809,1625
221101,Nabro,Eritrea,13.37,41.7,2218
221102,Mallahle,Ethiopia-Eritrea,13.27,41.65,1875
221103,Sork Ale,Ethiopia-Eritrea,13.18,41.725,1611
221104,Asavyo,Ethiopia,13.098,41.599,1338
221105,Mat Ala,Ethiopia,13.106,41.161,493
221106,Tat Ali,Ethiopia,13.284,41.063,655
221107,Borawli,Ethiopia,13.304,40.987,784
221110,Afdera,Ethiopia,13.088,40.853,1250
221111,Ma Alalta,Ethiopia,13.013,40.185,1745
221112,Alayta,Ethiopia,12.888,40.573,1496
221113,Dabbahu,Ethiopia,12.595,40.48,1401
221114,Dabbayra,Ethiopia,12.38,40.07,1302
221115,Manda Hararo,Ethiopia,12.17,40.82,600
221116,Groppo,Ethiopia,11.816,40.242,852
221120,Kurub,Ethiopia,11.88,41.208,625
221122,Manda-Inakir,Ethiopia-Djibouti,12.38,42.2,600
221123,Mousa Alli,Ethiopia-Eritrea-Djibouti,12.469,42.404,1993
221124,Gufa,Eritrea-Djibouti,12.55,42.53,600
221125,Assab Volcanic Field,Eritrea,12.95,42.43,987
221126,Ardoukoba,Djibouti,11.58,42.47,298
221127,Manda Gargori,Ethiopia,11.75,41.48,700
221141,Dama Ali,Ethiopia,11.28,41.63,1068
221150,Gabillema,Ethiopia,11.08,41.27,1459
221151,Yangudi,Ethiopia,10.58,41.042,1383
221160,Ayelu,Ethiopia,10.082,40.702,2145
221170,Adwa,Ethiopia,10.07,40.84,1733
221171,Hertali,Ethiopia,9.78,40.33,900
221172,Liado Hayk,Ethiopia,9.57,40.28,878
221180,Dofan,Ethiopia,9.35,40.13,1151
221190,Fentale,Ethiopia,8.975,39.93,2007
221191,Beru,Ethiopia,8.95,39.75,1100
221200,Kone,Ethiopia,8.788,39.701,1380
221210,Boset-Bericha,Ethiopia,8.558,39.475,2447
221220,Bishoftu Volcanic Field,Ethiopia,8.78,38.98,1850
221222,Sodore,Ethiopia,8.43,39.35,1765
221230,Gedamsa,Ethiopia,8.357,39.188,1873
221240,Bora-Bericcio,Ethiopia,8.221,39.05,2267
221250,Tullu Moje,Ethiopia,8.159,39.137,2343
221251,Unnamed,Ethiopia,8.013,39.062,1886
221252,East Zway,Ethiopia,7.874,38.902,1889
221260,Butajiri-Silti Field,Ethiopia,8.05,38.35,2281
221270,Alutu,Ethiopia,7.77,38.78,2335
221280,O'a Caldera,Ethiopia,7.47,38.58,2075
221290,Corbetti Caldera,Ethiopia,7.193,38.39,2320
221291,Bilate River Field,Ethiopia,7.07,38.1,1700
221292,Tepi,Ethiopia,7.42,35.43,2728
221294,Northern Lake Abaya Volcanic Field,Ethiopia,6.76,37.97,1594
221311,East Chamo Basin,Ethiopia,5.708,37.713,1150
221320,Korath Range,Ethiopia,5.1,35.88,912
221330,Mega Basalt Field,Ethiopia-Kenya,4.063,37.488,1111
222001,North Island,Kenya,4.059,36.049,490
222010,Central Island,Kenya,3.496,36.04,518
222020,South Island,Kenya,2.63,36.6,800
222021,Marsabit,Kenya,2.32,37.97,1707
222030,"Barrier, The",Kenya,2.32,36.57,1032
222040,Namarunu,Kenya,1.98,36.43,817
222050,Segererua Plateau,Kenya,1.57,37.9,699
222051,Emuruangogolak,Kenya,1.5,36.33,1285
222052,Silali,Kenya,1.15,36.23,1528
222053,Paka,Kenya,0.92,36.18,1697
222054,Korosi,Kenya,0.77,36.12,1446
222055,Ol Kokwe,Kenya,0.62,36.075,1130
222056,Nyambeni Hills,Kenya,0.23,37.87,750
222060,Menengai,Kenya,-0.2,36.07,2278
222070,Homa Mountain,Kenya,-0.38,34.5,1751
222071,Elmenteita Badlands,Kenya,-0.52,36.27,2126
222080,"Eburru, Ol Doinyo",Kenya,-0.65,36.22,2856
222090,Olkaria,Kenya,-0.904,36.292,2434
222100,Longonot,Kenya,-0.914,36.446,2776
222110,Suswa,Kenya,-1.151,36.357,2356
222120,"Lengai, Ol Doinyo",Tanzania,-2.764,35.914,2962
222130,Chyulu Hills,Kenya,-2.68,37.88,2188
222160,Meru,Tanzania,-3.25,36.75,4565
222161,Igwisi Hills,Tanzania,-4.889,31.933,1146
222164,Ngozi,Tanzania,-8.989,33.554,2614
222166,Rungwe,Tanzania,-9.135,33.668,2953
222170,Kyejo,Tanzania,-9.229,33.792,2176
223001,Fort Portal,Uganda,0.7,30.25,1615
223002,Kyatwa,Uganda,0.45,30.25,1430
223003,Katwe-Kikorongo,Uganda,-0.08,29.92,1067
223004,Bunyaruguru,Uganda,-0.2,30.08,1554
223005,Katunga,Uganda,-0.471,30.191,1707
223020,Nyamuragira,DR Congo,-1.408,29.2,3058
223030,Nyiragongo,DR Congo,-1.52,29.25,3470
223040,Karisimbi,DR Congo-Rwanda,-1.506,29.45,4490
223050,Visoke,DR Congo-Rwanda,-1.458,29.485,3696
223060,Muhavura,Uganda-Rwanda,-1.383,29.678,4103
223070,Bufumbira,Uganda,-1.23,29.72,2440
223080,Tshibinda,DR Congo,-2.32,28.75,1460
224002,San Carlos,Equatorial Guinea,3.35,8.52,2260
224003,San Joaquin,Equatorial Guinea,3.35,8.63,2009
224004,Santa Isabel,Equatorial Guinea,3.588,8.762,2999
224010,Cameroon,Cameroon,4.203,9.17,4095
224011,Tombel Graben,Cameroon,4.758,9.717,500
224030,Oku Volcanic Field,Cameroon,6.25,10.5,3011
225001,Todra Volcanic Field,Niger,17.68,8.5,1780
225002,Tin Zaouatene Volcanic Field,Mali,19.83,2.83,700
225004,Tahalra Volcanic Field,Algeria,22.67,5,1467
225005,Atakor Volcanic Field,Algeria,23.33,5.83,2918
225006,Manzaz Volcanic Field,Algeria,23.92,5.83,1672
225009,"Toh, Tarso",Chad,21.33,16.33,2000
225010,"Tousside, Tarso",Chad,21.03,16.45,3265
225020,"Voon, Tarso",Chad,20.92,17.28,3100
225021,"Koussi, Emi",Chad,19.8,18.53,3415
225030,"Marra, Jebel",Sudan,12.95,24.27,3042
225040,Kutum Volcanic Field,Sudan,14.57,25.85,1779
225050,Meidob Volcanic Field,Sudan,15.32,26.47,2000
225060,Bayuda Volcanic Field,Sudan,18.33,32.75,670
230010,Sharat Kovakab,Syria,36.536,40.858,516
231001,Harrat Ash Shamah,Syria-Jordan-Saudi Arabia,32.333,37.583,1100
231010,"Rahah, Harrat ar",Saudi Arabia,27.8,36.17,1950
231020,"Uwayrid, Harrat",Saudi Arabia,27.08,37.25,1920
231040,"Lunayyir, Harrat",Saudi Arabia,25.17,37.75,1370
231050,"Ithnayn, Harrat",Saudi Arabia,26.58,40.2,1625
231060,"Khaybar, Harrat",Saudi Arabia,25,39.92,2093
231070,"Rahat, Harrat",Saudi Arabia,23.08,39.78,1744
231071,"Kishb, Harrat",Saudi Arabia,22.8,41.38,1475
231072,"Birk, Harrat al",Saudi Arabia,18.37,41.63,587
231080,"Yar, Jabal",Saudi Arabia,17.05,42.83,305
231090,"Arhab, Harra of",Yemen,15.63,44.08,3100
231100,"Marha, Jabal el-",Yemen,15.245,44.236,2506
231110,"Haylan, Jabal",Yemen,15.4,45.1,1550
231120,"Dhamar, Harras of",Yemen,14.57,44.67,3500
231160,"Sawad, Harra Es-",Yemen,13.58,46.12,1737
231170,"Bal Haf, Harra of",Yemen,14.067,48.3,604
231180,Bir Borhut,Yemen,15.515,50.935,464
232001,Sahand,Iran,37.75,46.43,3707
232002,Sabalan,Iran,38.268,47.835,4784
232010,Damavand,Iran,35.951,52.109,5670
232030,Bazman,Iran,28.07,60,3490
232040,Kuh-e Nader,Iran,28.17,60.67,1500
232050,Taftan,Iran,28.6,61.13,3940
233001,"Grille, La",Comoros,-11.47,43.33,1087
233005,Mayotte,France,-12.83,45.17,660
233010,Karthala,Comoros,-11.75,43.38,2361
233011,Ambre-Bobaomby,Madagascar,-12.6,49.15,1475
233012,Nosy-Be,Madagascar,-13.32,48.48,214
233013,Ankaizina Field,Madagascar,-14.3,48.67,2878
233014,Itasy Volcanic Field,Madagascar,-19.033,46.7,1800
233015,Vakinankaratra,Madagascar,-19.85,46.942,2644
233020,"Fournaise, Piton de la",France,-21.244,55.708,2632
234000,Boomerang Seamount,France,-37.721,77.825,-650
234001,Amsterdam Island,France,-37.83,77.52,881
234002,St. Paul,France,-38.72,77.53,268
234010,Heard,Australia,-53.106,73.513,2745
234011,McDonald Islands,Australia,-53.03,72.6,230
234020,Kerguelen Islands,France,-49.58,69.5,1840
234030,"Est, Ile de l'",France,-46.43,52.2,1090
234040,"Possession, Ile de la",France,-46.42,51.75,934
234050,"Cochons, Ile aux",France,-46.1,50.23,775
234060,Prince Edward Island,South Africa,-46.63,37.95,672
234070,Marion Island,South Africa,-46.9,37.75,1230
241010,Kaikohe-Bay of Islands,New Zealand,-35.3,173.9,388
241011,Whangarei,New Zealand,-35.75,174.27,397
241020,Auckland Volcanic Field,New Zealand,-36.9,174.87,260
241021,Mayor Island,New Zealand,-37.28,176.25,355
241030,Taranaki,New Zealand,-39.3,174.07,2518
241040,White Island,New Zealand,-37.52,177.18,294
241050,Okataina,New Zealand,-38.12,176.5,1111
241060,Reporoa,New Zealand,-38.42,176.33,592
241061,Maroa,New Zealand,-38.42,176.08,897
241070,Taupo,New Zealand,-38.82,176,760
241080,Tongariro,New Zealand,-39.157,175.632,1978
241100,Ruapehu,New Zealand,-39.28,175.57,2797
241101,Clark,New Zealand,-36.446,177.839,-860
241102,Tangaroa,New Zealand,-36.321,178.028,-600
241110,Rumble V,New Zealand,-36.142,178.196,-400
241120,Rumble IV,New Zealand,-36.13,178.05,-500
241130,Rumble III,New Zealand,-35.745,178.478,-220
241131,Rumble II West,New Zealand,-35.353,178.527,-1200
241140,Healy,New Zealand,-35.004,178.973,-980
241150,Brothers,New Zealand,-34.875,179.075,-1350
242001,Wright,New Zealand,-31.85,-179.18,-900
242005,Havre Seamount,New Zealand,-31.08,-179.033,-897
242010,Curtis Island,New Zealand,-30.543,-178.556,47
242021,Macauley,New Zealand,-30.21,-178.475,238
242022,Giggenbach,New Zealand,-30.036,-178.712,-65
242030,Raoul Island,New Zealand,-29.27,-177.92,516
242050,Monowai,New Zealand,-25.887,-177.188,-132
243001,Unnamed,Undersea Features,-24.8,-177.02,-385
243010,Unnamed,Tonga,-21.338,-175.65,-68
243011,Unnamed,Tonga,-21.15,-175.75,-65
243030,Unnamed,Tonga,-20.852,-175.55,-296
243040,Hunga Tonga-Hunga Ha'apai,Tonga,-20.536,-175.382,114
243050,Fonuafo'ou,Tonga,-20.32,-175.42,-17
243060,Tofua,Tonga,-19.75,-175.07,515
243061,Kao,Tonga,-19.668,-175.016,1009
243070,Lateiki,Tonga,-19.18,-174.87,43
243080,Home Reef,Tonga,-18.992,-174.775,-10
243090,Late,Tonga,-18.806,-174.65,540
243091,Unnamed,Tonga,-18.325,-174.365,-40
243100,Fonualei,Tonga,-18.023,-174.317,188
243101,Tafahi,Tonga,-15.85,-173.72,560
243102,Curacoa,Tonga,-15.62,-173.67,-33
243110,Niuafo'ou,Tonga,-15.6,-175.63,260
243111,Dugong,Tonga,-15.431,-175.725,-1170
243112,Lobster,Tonga,-15.333,-176.283,-1500
243120,Tafu-Maka,Tonga,-15.37,-174.23,-1400
243130,West Mata,Tonga,-15.1,-173.75,-1174
243140,Niuatahi,Tonga,-15.379,-174.003,-1270
244000,Vailulu'u,United States,-14.215,-169.058,-592
244001,Ta'u,United States,-14.23,-169.454,931
244010,Ofu-Olosega,United States,-14.175,-169.618,639
244020,Tutuila,United States,-14.295,-170.7,653
244030,Upolu,Samoa,-13.935,-171.72,1100
244040,Savai'i,Samoa,-13.612,-172.525,1858
244050,Wallis Islands,France,-13.3,-176.17,143
245010,Taveuni,Fiji,-16.82,-179.97,1241
245020,Koro,Fiji,-17.32,179.4,522
245030,Nabukelevu,Fiji,-19.12,177.98,805
250010,St. Andrew Strait,Papua New Guinea,-2.38,147.35,270
250020,Baluan,Papua New Guinea,-2.57,147.28,254
250030,Central Bismarck Sea,Papua New Guinea,-3.03,147.78,-1300
251001,Blup Blup,Papua New Guinea,-3.507,144.605,402
251002,Kadovar,Papua New Guinea,-3.608,144.588,365
251010,Bam,Papua New Guinea,-3.613,144.818,685
251011,Boisa,Papua New Guinea,-3.994,144.963,240
251020,Manam,Papua New Guinea,-4.08,145.037,1807
251030,Karkar,Papua New Guinea,-4.649,145.964,1839
251041,Hankow Reef,Papua New Guinea,-4.883,146.717,-5
251050,Long Island,Papua New Guinea,-5.358,147.12,1280
251060,Umboi,Papua New Guinea,-5.589,147.875,1548
251070,Ritter Island,Papua New Guinea,-5.519,148.115,75
251080,Sakar,Papua New Guinea,-5.414,148.094,992
252010,Langila,Papua New Guinea,-5.525,148.42,1330
252021,Mundua,Papua New Guinea,-4.624,149.339,171
252030,Garove,Papua New Guinea,-4.687,149.511,368
252040,Dakataua,Papua New Guinea,-5.094,150.094,408
252050,Bola,Papua New Guinea,-5.141,150.038,1116
252060,Garua Harbour,Papua New Guinea,-5.3,150.07,565
252070,Krummel-Garbuna-Welcker,Papua New Guinea,-5.416,150.027,564
252071,Lolo,Papua New Guinea,-5.466,150.509,796
252080,Witori,Papua New Guinea,-5.576,150.516,724
252090,Sulu Range,Papua New Guinea,-5.5,150.942,610
252100,Hargy,Papua New Guinea,-5.33,151.1,1148
252110,Bamus,Papua New Guinea,-5.2,151.23,2248
252120,Ulawun,Papua New Guinea,-5.05,151.33,2334
252130,Lolobau,Papua New Guinea,-4.92,151.158,858
252140,Rabaul,Papua New Guinea,-4.271,152.203,688
252150,Tavui,Papua New Guinea,-4.12,152.2,200
253004,Madilogo,Papua New Guinea,-9.2,147.57,850
253010,Lamington,Papua New Guinea,-8.95,148.15,1680
253011,Hydrographers Range,Papua New Guinea,-9,148.37,1915
253021,Managlase Plateau,Papua New Guinea,-9.08,148.33,1342
253030,Victory,Papua New Guinea,-9.2,149.07,1925
253031,Sessagara,Papua New Guinea,-9.48,149.13,370
253040,Waiowa,Papua New Guinea,-9.57,149.075,640
253041,Goodenough,Papua New Guinea,-9.48,150.35,220
253050,Iamalele,Papua New Guinea,-9.52,150.53,200
253060,Dawson Strait Group,Papua New Guinea,-9.62,150.88,500
254010,Lihir,Papua New Guinea,-3.125,152.642,700
254020,Ambitle,Papua New Guinea,-4.08,153.65,450
255000,Tore,Papua New Guinea,-5.835,154.935,2175
255010,Balbi,Papua New Guinea,-5.92,154.98,2715
255011,Billy Mitchell,Papua New Guinea,-6.092,155.225,1544
255020,Bagana,Papua New Guinea,-6.137,155.196,1855
255021,Takuan Group,Papua New Guinea,-6.442,155.608,2210
255030,Loloru,Papua New Guinea,-6.52,155.62,1887
255050,Simbo,Solomon Islands,-8.292,156.52,335
255052,Kana Keoki,Solomon Islands,-8.75,157.03,-700
255053,Coleman Seamount,Solomon Islands,-8.841,157.16,-717
255060,Kavachi,Solomon Islands,-8.991,157.979,-20
255061,Unnamed,Solomon Islands,-8.92,158.03,-240
255062,Gallego,Solomon Islands,-9.35,159.73,1000
255070,Savo,Solomon Islands,-9.13,159.82,485
256010,Tinakula,Solomon Islands,-10.386,165.804,796
257001,Motlav,Vanuatu,-13.67,167.67,411
257010,Suretamatai,Vanuatu,-13.8,167.47,921
257020,Gaua,Vanuatu,-14.27,167.5,797
257021,Mere Lava,Vanuatu,-14.45,168.05,1028
257030,Ambae,Vanuatu,-15.389,167.835,1496
257040,Ambrym,Vanuatu,-16.25,168.12,1334
257050,Lopevi,Vanuatu,-16.507,168.346,1413
257060,Epi,Vanuatu,-16.68,168.37,833
257070,Kuwae,Vanuatu,-16.829,168.536,-2
257080,NE Shepherd Islands,Vanuatu,-16.992,168.592,216
257081,North Vate,Vanuatu,-17.47,168.353,594
257090,Traitor's Head,Vanuatu,-18.754,169.238,817
257100,Yasur,Vanuatu,-19.532,169.447,361
257110,Aneityum,Vanuatu,-20.2,169.78,852
258001,Eastern Gemini Seamount,France,-20.98,170.28,-80
258010,Matthew Island,France,-22.33,171.32,177
258020,Hunter Island,France,-22.4,172.05,297
259010,Newer Volcanics Province,Australia,-37.77,142.5,1011
260001,Narcondum,India,13.43,94.28,710
260010,Barren Island,India,12.278,93.858,354
261020,Seulawah Agam,Indonesia,5.448,95.658,1810
261030,Peuet Sague,Indonesia,4.903,96.289,2785
261050,"Telong, Bur ni",Indonesia,4.769,96.821,2617
261070,Singkut,Indonesia,3.248,98.501,2181
261080,Sinabung,Indonesia,3.17,98.392,2460
261090,Toba,Indonesia,2.58,98.83,2157
261110,Sibualbuali,Indonesia,1.556,99.255,1819
261111,Lubukraya,Indonesia,1.478,99.209,1862
261120,Sorikmarapi,Indonesia,0.686,99.539,2145
261121,Malintang,Indonesia,0.47,99.67,1983
261130,Talakmau,Indonesia,0.079,99.98,2919
261131,Sarik-Gajah,Indonesia,0.074,100.189,737
261140,Marapi,Indonesia,-0.38,100.474,2885
261150,Tandikat-Singgalang,Indonesia,-0.39,100.331,2854
261160,Talang,Indonesia,-0.979,100.681,2575
261170,Kerinci,Indonesia,-1.697,101.264,3800
261180,Sumbing,Indonesia,-2.414,101.728,2507
261200,Hululais,Indonesia,-3.247,102.239,2122
261210,"Daun, Bukit",Indonesia,-3.38,102.37,2467
261220,Kaba,Indonesia,-3.522,102.615,1940
261230,Dempo,Indonesia,-4.016,103.121,3142
261231,Patah,Indonesia,-4.257,103.306,2836
261251,Ranau,Indonesia,-4.871,103.925,1854
261260,Sekincau Belirang,Indonesia,-5.107,104.317,1717
261270,Suoh,Indonesia,-5.25,104.27,1000
261280,Hulubelu,Indonesia,-5.334,104.59,849
261290,Rajabasa,Indonesia,-5.78,105.625,1281
262000,Krakatau,Indonesia,-6.102,105.423,155
263010,Pulosari,Indonesia,-6.343,105.978,1324
263020,Karang,Indonesia,-6.268,106.05,1768
263040,Perbakti-Gagak,Indonesia,-6.75,106.7,1699
263050,Salak,Indonesia,-6.72,106.73,2211
263060,Gede-Pangrango,Indonesia,-6.77,106.965,3008
263070,Patuha,Indonesia,-7.162,107.4,2422
263090,Tangkuban Parahu,Indonesia,-6.77,107.6,2084
263100,Papandayan,Indonesia,-7.32,107.73,2665
263110,Kendang,Indonesia,-7.245,107.709,2594
263130,Guntur,Indonesia,-7.143,107.84,2249
263131,Tampomas,Indonesia,-6.77,107.95,1684
263140,Galunggung,Indonesia,-7.25,108.058,2168
263150,Talagabodas,Indonesia,-7.208,108.07,2201
263170,Cereme,Indonesia,-6.895,108.408,3039
263180,Slamet,Indonesia,-7.242,109.208,3428
263200,Dieng Volcanic Complex,Indonesia,-7.2,109.879,2565
263210,Sundoro,Indonesia,-7.3,109.992,3136
263220,Sumbing,Indonesia,-7.384,110.07,3371
263230,Ungaran,Indonesia,-7.18,110.33,2050
263231,Telomoyo,Indonesia,-7.362,110.4,1864
263240,Merbabu,Indonesia,-7.454,110.44,3118
263250,Merapi,Indonesia,-7.54,110.446,2910
263251,Muria,Indonesia,-6.62,110.88,1625
263260,Lawu,Indonesia,-7.625,111.192,3265
263270,Wilis,Indonesia,-7.808,111.758,2563
263280,Kelut,Indonesia,-7.93,112.308,1731
263281,Kawi-Butak,Indonesia,-7.92,112.45,2651
263290,Arjuno-Welirang,Indonesia,-7.733,112.575,3339
263291,Penanggungan,Indonesia,-7.616,112.62,1631
263300,Semeru,Indonesia,-8.108,112.922,3657
263310,Tengger Caldera,Indonesia,-7.942,112.95,2329
263320,Lamongan,Indonesia,-7.981,113.341,1641
263330,Iyang-Argapura,Indonesia,-7.97,113.57,3088
263340,Raung,Indonesia,-8.119,114.056,3260
263350,Ijen,Indonesia,-8.058,114.242,2769
263351,Baluran,Indonesia,-7.85,114.37,1247
264001,Buyan-Bratan,Indonesia,-8.283,115.133,2244
264010,Batur,Indonesia,-8.242,115.375,1717
264020,Agung,Indonesia,-8.343,115.508,2997
264030,Rinjani,Indonesia,-8.42,116.47,3726
264040,Tambora,Indonesia,-8.25,118,2850
264050,Sangeang Api,Indonesia,-8.2,119.07,1912
264060,"Sano, Wai",Indonesia,-8.724,119.986,1319
264071,Ranakah,Indonesia,-8.62,120.52,2350
264080,Inierie,Indonesia,-8.875,120.95,2245
264090,Inielika,Indonesia,-8.73,120.98,1559
264100,Ebulobo,Indonesia,-8.817,121.191,2096
264110,Iya,Indonesia,-8.897,121.645,637
264120,Sukaria Caldera,Indonesia,-8.792,121.77,1500
264140,Kelimutu,Indonesia,-8.77,121.82,1639
264150,Paluweh,Indonesia,-8.32,121.708,875
264160,Egon,Indonesia,-8.676,122.455,1661
264170,Ilimuda,Indonesia,-8.479,122.761,881
264180,Lewotobi,Indonesia,-8.542,122.775,1703
264200,Leroboleng,Indonesia,-8.365,122.833,1095
264220,Iliboleng,Indonesia,-8.342,123.258,1659
264230,Lewotolo,Indonesia,-8.272,123.505,1423
264240,Ililabalekan,Indonesia,-8.55,123.38,1018
264250,Iliwerung,Indonesia,-8.53,123.57,1018
264260,"Tara, Batu",Indonesia,-7.791,123.585,633
264270,Sirung,Indonesia,-8.508,124.13,862
265030,Gunungapi Wetar,Indonesia,-6.642,126.65,282
265040,Wurlali,Indonesia,-7.125,128.675,868
265050,Teon,Indonesia,-6.976,129.144,728
265060,Nila,Indonesia,-6.73,129.5,781
265070,Serua,Indonesia,-6.312,130.017,608
265080,Manuk,Indonesia,-5.543,130.303,257
265090,Banda Api,Indonesia,-4.523,129.881,596
266010,Colo,Indonesia,-0.162,121.601,404
266020,Ambang,Indonesia,0.75,124.42,1795
266030,Soputan,Indonesia,1.112,124.737,1785
266040,Riendengan-Sempu,Indonesia,1.13,124.758,1549
266070,Tondano Caldera,Indonesia,1.23,124.83,1202
266100,Lokon-Empung,Indonesia,1.358,124.792,1580
266110,Mahawu,Indonesia,1.352,124.865,1299
266120,Klabat,Indonesia,1.454,125.031,1968
266130,Tangkoko-Duasudara,Indonesia,1.518,125.185,1334
267010,Ruang,Indonesia,2.3,125.37,725
267020,Karangetang,Indonesia,2.781,125.407,1797
267030,Banua Wuhu,Indonesia,3.138,125.491,-5
267040,Awu,Indonesia,3.689,125.447,1318
268001,Tarakan,Indonesia,1.83,127.83,318
268010,Dukono,Indonesia,1.693,127.894,1229
268020,Tobaru,Indonesia,1.63,127.67,1035
268030,Ibu,Indonesia,1.488,127.63,1325
268040,Gamkonora,Indonesia,1.38,127.53,1635
268050,Todoko-Ranu,Indonesia,1.25,127.47,979
268051,Jailolo,Indonesia,1.08,127.439,993
268052,Hiri,Indonesia,0.9,127.32,630
268060,Gamalama,Indonesia,0.8,127.33,1715
268061,Tidore,Indonesia,0.658,127.4,1730
268062,Mare,Indonesia,0.57,127.4,308
268063,Moti,Indonesia,0.454,127.411,927
268070,Makian,Indonesia,0.32,127.4,1357
268071,Tigalalu,Indonesia,0.07,127.42,422
268072,Amasing,Indonesia,-0.53,127.48,1030
268073,Bibinoi,Indonesia,-0.761,127.725,932
271010,Balut,Philippines,5.4,125.375,862
271011,Parker,Philippines,6.113,124.892,1824
271020,Matutum,Philippines,6.37,125.07,2286
271030,Apo,Philippines,6.989,125.269,2938
271031,Leonard Range,Philippines,7.382,126.047,1080
271040,Makaturing,Philippines,7.644,124.317,1818
271050,Latukan,Philippines,7.65,124.45,2338
271060,Ragang,Philippines,7.7,124.5,2815
271061,Kalatungan,Philippines,7.95,124.8,2824
271070,Musuan,Philippines,7.877,125.068,646
271071,Malindang,Philippines,8.22,123.63,2404
271080,Camiguin,Philippines,9.203,124.673,1552
272010,Cuernos de Negros,Philippines,9.25,123.17,1862
272020,Kanlaon,Philippines,10.412,123.132,2435
272030,Mandalagan,Philippines,10.65,123.25,1885
272040,Silay,Philippines,10.77,123.23,1510
272050,Cabalían,Philippines,10.285,125.218,912
272070,Mahagnao,Philippines,10.882,124.888,860
272080,Biliran,Philippines,11.523,124.535,1301
273010,Bulusan,Philippines,12.769,124.056,1535
273020,Pocdol Mountains,Philippines,13.05,123.958,1102
273030,Mayon,Philippines,13.257,123.685,2462
273031,Masaraga,Philippines,13.32,123.6,1328
273041,Iriga,Philippines,13.458,123.451,1138
273042,Isarog,Philippines,13.658,123.38,1966
273044,Malindig,Philippines,13.24,122.018,1157
273050,Banahaw,Philippines,14.07,121.48,2158
273060,San Pablo Volcanic Field,Philippines,14.12,121.3,1090
273070,Taal,Philippines,14.002,120.993,311
273080,Laguna Caldera,Philippines,14.42,121.27,743
273081,Mariveles,Philippines,14.527,120.482,1388
273082,Natib,Philippines,14.72,120.4,1253
273083,Pinatubo,Philippines,15.13,120.35,1486
273084,Arayat,Philippines,15.2,120.742,1026
273087,Patoc,Philippines,17.147,120.98,1865
273088,Ambalatungan Group,Philippines,17.32,121.1,2329
273090,Cagua,Philippines,18.222,122.123,1133
274010,Camiguin de Babuyanes,Philippines,18.83,121.86,712
274020,Didicas,Philippines,19.077,122.202,228
274030,Babuyan Claro,Philippines,19.523,121.94,1080
274050,Unnamed,Philippines,20.33,121.75,-24
274060,Iraya,Philippines,20.469,122.01,1009
275001,Hainan Volcanic Field,China,19.905,110.229,196
275020,Ly Son Group,Vietnam,15.38,109.12,157
275030,Toroeng Prong,Vietnam,14.93,108,800
275040,Haut Dong Nai,Vietnam,11.6,108.2,1000
275050,Bas Dong Nai,Vietnam,10.8,107.2,392
275060,"Cendres, Ile des",Vietnam,10.158,109.014,-20
275070,Veteran,Vietnam,9.83,109.05,-50
275080,Popa,Burma (Myanmar),20.92,95.25,1518
275100,Singu Plateau,Burma (Myanmar),22.7,95.98,507
275110,Tengchong,China,25.23,98.5,2865
281020,Unnamed,Taiwan,21.83,121.18,-115
281030,Unnamed,Taiwan,24.132,121.926,-1640
281031,Kueishantao,Taiwan,24.841,121.953,361
281032,Tatun Volcanic Group,Taiwan,25.178,121.553,1120
282010,Submarine Volcano NNE of Iriomotejima,Japan,24.57,123.93,-200
282020,Io-Torishima,Japan,27.881,128.223,212
282021,Yokoate-jima,Japan,28.797,128.997,495
282022,Akusekijima,Japan,29.465,129.594,555
282030,Suwanosejima,Japan,29.638,129.714,796
282040,Nakanoshima,Japan,29.859,129.857,979
282043,Kuchinoshima,Japan,29.968,129.926,628
282050,Kuchinoerabujima,Japan,30.443,130.217,657
282060,Kikai,Japan,30.793,130.305,704
282070,Ata,Japan,31.22,130.57,924
282080,Aira,Japan,31.593,130.657,1117
282081,Yonemaru-Sumiyoshiike,Japan,31.771,130.592,40
282090,Kirishimayama,Japan,31.934,130.862,1700
282091,Fukue,Japan,32.657,128.849,315
282100,Unzendake,Japan,32.761,130.299,1483
282110,Asosan,Japan,32.884,131.104,1592
282120,Kujusan,Japan,33.086,131.249,1791
282130,Yufu-Tsurumi,Japan,33.282,131.39,1584
283001,Abu,Japan,34.5,131.6,641
283002,Sanbesan,Japan,35.141,132.622,1126
283003,Oki-Dogo,Japan,36.176,133.334,151
283010,Izu-Tobu,Japan,34.9,139.098,1406
283020,Hakoneyama,Japan,35.233,139.021,1438
283030,Fujisan,Japan,35.361,138.728,3776
283031,Yokodake,Japan,36.087,138.32,2480
283040,Ontakesan,Japan,35.893,137.48,3067
283050,Hakusan,Japan,36.155,136.771,2702
283060,Norikuradake,Japan,36.106,137.554,3026
283069,Akandanayama,Japan,36.2,137.573,2109
283070,Yakedake,Japan,36.227,137.587,2455
283071,Washiba-Kumonotaira,Japan,36.408,137.594,2924
283080,Midagahara,Japan,36.571,137.59,2621
283090,Niigata-Yakeyama,Japan,36.921,138.036,2400
283100,Myokosan,Japan,36.891,138.114,2454
283110,Asamayama,Japan,36.406,138.523,2568
283120,Kusatsu-Shiranesan,Japan,36.618,138.528,2165
283121,Shiga,Japan,36.688,138.519,2041
283122,Harunasan,Japan,36.477,138.851,1449
283130,Akagisan,Japan,36.56,139.193,1828
283131,Hiuchigatake,Japan,36.955,139.285,2356
283140,Nikko-Shiranesan,Japan,36.799,139.376,2578
283141,Nantaisan,Japan,36.765,139.491,2486
283142,Omanago Group,Japan,36.795,139.507,2341
283143,Takaharayama,Japan,36.9,139.777,1795
283150,Nasudake,Japan,37.125,139.963,1915
283151,Numazawa,Japan,37.444,139.566,835
283160,Bandaisan,Japan,37.601,140.072,1816
283170,Adatarayama,Japan,37.647,140.281,1728
283180,Azumayama,Japan,37.735,140.244,1949
283190,Zaozan [Zaosan],Japan,38.144,140.44,1841
283191,Hijiori,Japan,38.599,140.162,552
283200,Naruko,Japan,38.729,140.734,470
283210,Kurikomayama,Japan,38.961,140.788,1627
283220,Chokaisan,Japan,39.099,140.049,2236
283230,Akita-Komagatake,Japan,39.761,140.799,1637
283240,Iwatesan,Japan,39.853,141.001,2038
283250,Hachimantai,Japan,39.958,140.854,1613
283260,Akita-Yakeyama,Japan,39.964,140.757,1366
283262,Megata,Japan,39.95,139.73,291
283270,Iwakisan,Japan,40.656,140.303,1625
283271,Towada,Japan,40.51,140.88,1011
283280,Hakkodasan,Japan,40.659,140.877,1585
283290,Osorezan,Japan,41.279,141.12,878
284010,Izu-Oshima,Japan,34.724,139.394,758
284011,Toshima,Japan,34.52,139.279,508
284020,Niijima,Japan,34.397,139.27,432
284030,Kozushima,Japan,34.219,139.153,572
284040,Miyakejima,Japan,34.094,139.526,775
284041,Mikurajima,Japan,33.874,139.602,851
284042,Kurose Hole,Japan,33.4,139.68,-107
284050,Hachijojima,Japan,33.137,139.766,854
284060,Aogashima,Japan,32.458,139.759,423
284061,Kita-Bayonnaise,Japan,32.1,139.85,-360
284070,Myojinsho,Japan,31.888,139.918,11
284080,Sumisujima,Japan,31.44,140.051,136
284090,Izu-Torishima,Japan,30.484,140.303,394
284091,Sofugan,Japan,29.794,140.342,99
284093,Suiyo Seamount,Japan,28.575,140.633,-991
284094,Mokuyo Seamount,Japan,28.327,140.572,-933
284095,Doyo Seamount,Japan,27.68,140.8,-590
284096,Nishinoshima,Japan,27.247,140.874,25
284097,Kaikata Seamount,Japan,26.667,140.929,-165
284100,Kaitoku Seamount,Japan,26.127,141.102,-95
284110,Kita-Ioto,Japan,25.424,141.284,792
284120,Ioto,Japan,24.751,141.289,169
284121,Kita-Fukutokutai,Japan,24.417,141.417,-73
284130,Fukutoku-Oka-no-Ba,Japan,24.285,141.481,-29
284131,Minami-Hiyoshi,Japan,23.5,141.935,-107
284132,Nikko,Japan,23.078,142.326,-392
284133,Fukujin,United States,21.93,143.47,-217
284134,Kasuga 1,United States,21.765,143.71,-598
284135,Kasuga 2,United States,21.6,143.637,-274
284136,NW Eifuku,United States,21.485,144.043,-1535
284137,Daikoku,United States,21.324,144.194,-323
284140,Farallon de Pajaros,United States,20.546,144.893,337
284141,Ahyi,United States,20.42,145.03,-75
284142,Supply Reef,United States,20.13,145.1,-8
284143,Maug Islands,United States,20.02,145.22,227
284150,Asuncion,United States,19.671,145.406,857
284160,Agrigan,United States,18.77,145.67,965
284170,Pagan,United States,18.13,145.8,570
284180,Alamagan,United States,17.6,145.83,744
284190,Guguan,United States,17.307,145.845,287
284191,Zealandia Bank,United States,16.88,145.85,0
284192,Sarigan,United States,16.708,145.78,538
284193,South Sarigan Seamount,United States,16.58,145.78,-184
284200,Anatahan,United States,16.35,145.67,790
284201,East Diamante,United States,15.93,145.67,-127
284202,Ruby,United States,15.62,145.57,-230
284210,Esmeralda Bank,United States,15,145.25,-43
284211,NW Rota-1,United States,14.601,144.775,-517
284220,Forecast Seamount,United States,13.4,143.92,-1456
284230,Seamount X,United States,13.25,144.02,-1230
284305,Mariana Back-Arc Segment at 15.5°N,United States,15.406,144.506,-4100
285010,Oshima-Oshima,Japan,41.51,139.367,732
285011,Esan,Japan,41.805,141.166,618
285020,Hokkaido-Komagatake,Japan,42.063,140.677,1131
285030,Toya,Japan,42.544,140.839,733
285031,Niseko,Japan,42.875,140.659,1308
285032,Yoteizan,Japan,42.827,140.812,1888
285034,Kuttara,Japan,42.491,141.16,549
285040,Shikotsu,Japan,42.688,141.38,1320
285041,Rishirizan,Japan,45.179,141.242,1721
285050,Tokachidake,Japan,43.418,142.686,2077
285060,Taisetsuzan,Japan,43.664,142.854,2291
285061,Maruyama,Japan,43.418,143.031,2013
285070,Akan,Japan,43.384,144.013,1499
285080,Kussharo,Japan,43.615,144.427,574
285081,Mashu,Japan,43.572,144.561,857
285082,Rausudake,Japan,44.076,145.122,1660
285083,Tenchozan,Japan,44.044,145.086,1046
285090,Shiretoko-Iozan,Japan,44.133,145.161,1562
290010,Tomariyama [Golovnin],Japan - administered by Russia,43.844,145.504,535
290020,Raususan [Mendeleev],Japan - administered by Russia,43.979,145.733,882
290021,Ruruidake [Smirnov],Japan - administered by Russia,44.454,146.139,1486
290030,Chachadake [Tiatia],Japan - administered by Russia,44.353,146.252,1822
290040,Berutarubesan [Berutarube],Japan - administered by Russia,44.462,146.932,1221
290041,Moekeshiwan [Lvinaya Past],Japan - administered by Russia,44.608,146.994,528
290050,Etorofu-Atosanupuri [Atosanupuri],Japan - administered by Russia,44.808,147.131,1206
290060,Nishihitokappuyama [Bogatyr Ridge],Japan - administered by Russia,44.833,147.342,1634
290061,Unnamed,Japan - administered by Russia,45.022,147.019,-195
290070,Etorofu-Yakeyama [Grozny Group],Japan - administered by Russia,45.012,147.871,1158
290072,Odamoisan [Tebenkov],Japan - administered by Russia,45.028,147.918,1208
290080,Sashiusudake [Baransky],Japan - administered by Russia,45.1,148.019,1125
290090,Chirippusan [Chirip],Japan - administered by Russia,45.338,147.92,1587
290091,Rucharuyama [Golets-Tornyi Group],Japan - administered by Russia,45.25,148.35,442
290100,Moyorodake [Medvezhia],Japan - administered by Russia,45.389,148.838,1124
290110,Rakkibetsudake [Demon],Japan - administered by Russia,45.5,148.85,1205
290111,Ivao Group,Russia,45.77,149.68,1426
290112,Rudakov,Russia,45.874,149.819,532
290113,Tri Sestry,Russia,45.93,149.92,998
290120,Kolokol Group,Russia,46.042,150.083,1328
290150,Chirpoi,Russia,46.532,150.871,742
290160,Unnamed,Russia,46.47,151.28,-502
290161,Milna,Russia,46.815,151.786,1504
290180,Zavaritzki Caldera,Russia,46.925,151.95,624
290190,Prevo Peak,Russia,47.02,152.12,1360
290191,Uratman,Russia,47.12,152.25,678
290200,Ketoi,Russia,47.35,152.475,1172
290210,Ushishur,Russia,47.52,152.8,401
290211,Srednii,Russia,47.6,152.92,36
290220,Rasshua,Russia,47.77,153.02,956
290240,Sarychev Peak,Russia,48.092,153.2,1496
290250,Raikoke,Russia,48.292,153.25,551
290260,Chirinkotan,Russia,48.98,153.48,724
290270,Ekarma,Russia,48.958,153.93,1170
290290,Sinarka,Russia,48.873,154.182,911
290300,Kharimkotan,Russia,49.12,154.508,1145
290310,Tao-Rusyr Caldera,Russia,49.35,154.7,1325
290320,Nemo Peak,Russia,49.57,154.808,1018
290331,Shirinki,Russia,50.2,154.98,761
290340,Fuss Peak,Russia,50.267,155.246,1742
290350,Karpinsky Group,Russia,50.148,155.373,1326
290360,Chikurachki,Russia,50.324,155.461,1781
290370,Vernadskii Ridge,Russia,50.55,155.97,1183
290380,Ebeko,Russia,50.686,156.014,1103
290390,Alaid,Russia,50.861,155.565,2285
300001,Mashkovtsev,Russia,51.1,156.72,503
300010,Kambalny,Russia,51.306,156.875,2116
300020,Koshelev,Russia,51.356,156.753,1822
300021,Yavinsky,Russia,51.533,156.629,646
300022,Diky Greben,Russia,51.452,156.978,1040
300023,Kurile Lake,Russia,51.45,157.12,81
300030,Iliinsky,Russia,51.498,157.203,1555
300040,Zheltovsky,Russia,51.577,157.328,1926
300041,Kell,Russia,51.65,157.35,900
300042,Belenkaya,Russia,51.75,157.27,892
300050,Ksudach,Russia,51.844,157.572,1079
300051,Ozernoy,Russia,51.88,157.38,562
300052,Olkoviy Volcanic Group,Russia,52.02,157.53,681
300053,Khodutka,Russia,52.062,157.711,2039
300054,Piratkovsky,Russia,52.113,157.849,1322
300055,Ostanets,Russia,52.146,157.322,719
300056,Otdelniy,Russia,52.221,157.435,814
300057,Golaya,Russia,52.263,157.787,858
300058,Asacha,Russia,52.355,157.827,1910
300059,Visokiy,Russia,52.43,157.93,1234
300060,Mutnovsky,Russia,52.449,158.196,2288
300070,Gorely,Russia,52.559,158.03,1799
300080,Opala,Russia,52.543,157.339,2439
300082,Tolmachev Dol,Russia,52.63,157.58,1021
300083,Vilyuchik,Russia,52.7,158.28,2173
300084,Barkhatnaya Sopka,Russia,52.802,158.24,874
300087,Bolshe-Bannaya,Russia,52.9,157.78,1200
300090,Koryaksky,Russia,53.321,158.712,3430
300100,Avachinsky,Russia,53.256,158.836,2717
300110,Dzenzursky,Russia,53.637,158.922,2285
300120,Zhupanovsky,Russia,53.589,159.15,2899
300121,Veer,Russia,53.75,158.45,520
300122,Kostakan,Russia,53.83,158.05,1150
300123,Bakening,Russia,53.905,158.07,2278
300124,Zavaritsky,Russia,53.905,158.385,1567
300125,Akademia Nauk,Russia,53.98,159.45,1180
300130,Karymsky,Russia,54.049,159.443,1513
300140,Maly Semyachik,Russia,54.135,159.674,1527
300150,Bolshoi Semiachik,Russia,54.32,160.02,1720
300160,Taunshits,Russia,54.528,159.804,2301
300170,Uzon,Russia,54.5,159.97,1617
300180,Kikhpinych,Russia,54.489,160.251,1506
300190,Krasheninnikov,Russia,54.596,160.27,1816
300200,Kronotsky,Russia,54.753,160.533,3482
300201,Schmidt,Russia,54.92,160.63,2020
300210,Gamchen,Russia,54.974,160.703,2539
300220,Komarov,Russia,55.033,160.725,2065
300221,Vysoky,Russia,55.064,160.765,2129
300230,Kizimen,Russia,55.131,160.32,2334
300240,Tolbachik,Russia,55.832,160.326,3611
300241,Udina,Russia,55.758,160.527,2886
300242,Zimina,Russia,55.862,160.603,3057
300250,Bezymianny,Russia,55.972,160.595,2882
300251,Kamen,Russia,56.02,160.593,4585
300260,Klyuchevskoy,Russia,56.056,160.642,4754
300261,Ushkovsky,Russia,56.113,160.509,3943
300270,Sheveluch,Russia,56.653,161.36,3283
300271,Piip,Russia,55.42,167.33,-300
300272,Khangar,Russia,54.761,157.407,1967
300273,Cherpuk Group,Russia,55.55,157.47,1868
300280,Ichinsky,Russia,55.678,157.718,3596
300290,Maly Payalpan,Russia,55.82,157.98,1802
300300,Bolshoi Payalpan,Russia,55.88,157.78,1906
300310,Plosky,Russia,55.2,158.47,1236
300320,Akhtang,Russia,55.43,158.65,1956
300330,Kozyrevsky,Russia,55.58,158.38,2016
300340,Romanovka,Russia,55.65,158.8,1442
300350,Uksichan,Russia,56.08,158.38,1692
300360,Bolshoi-Kekuknaysky,Russia,56.483,157.917,1401
300370,Kulkev,Russia,56.37,158.37,915
300380,Geodesistoy,Russia,56.33,158.67,1170
300390,Anaun,Russia,56.32,158.83,1828
300400,Krainy,Russia,56.37,159.03,1554
300410,Kekurny,Russia,56.4,158.85,1377
300420,Eggella,Russia,56.57,158.52,1046
300440,Verkhovoy,Russia,56.52,159.53,1400
300450,Alney-Chashakondzha,Russia,56.656,159.647,2570
300460,Cherny,Russia,56.82,159.67,1778
300470,Pogranychny,Russia,56.85,159.8,1427
300480,Zaozerny,Russia,56.88,159.95,1349
300490,Bliznets,Russia,56.97,159.78,1244
300500,Kebeney,Russia,57.1,159.93,1527
300510,Fedotych,Russia,57.13,160.4,965
300511,Shisheika,Russia,57.153,161.09,355
300512,Terpuk,Russia,57.2,159.83,765
300520,Sedankinsky,Russia,57.27,160.08,1241
300530,Leutongey,Russia,57.306,159.827,1318
300540,Tuzovsky,Russia,57.32,159.967,1516
300550,Gorny Institute,Russia,57.33,160.2,2125
300551,Kinenin,Russia,57.35,160.97,583
300552,Bliznetsy,Russia,57.35,161.37,265
300560,Titila,Russia,57.406,160.108,1523
300570,Mezhdusopochny,Russia,57.47,160.25,1641
300580,Shishel,Russia,57.45,160.37,2525
300590,Elovsky,Russia,57.55,160.53,1381
300600,Alngey,Russia,57.702,160.418,1822
300610,Uka,Russia,57.706,160.59,1607
300620,Kaileney,Russia,57.8,160.67,1582
300630,Plosky,Russia,57.83,160.25,1255
300640,Bely,Russia,57.88,160.53,2080
300650,Nylgimelkin,Russia,57.97,160.65,1764
300660,Snezhniy,Russia,58.02,160.8,2169
300670,Iktunup,Russia,58.08,160.77,2300
300671,Spokoiny,Russia,58.13,160.82,2171
300680,Ostry,Russia,58.18,160.82,2552
300690,Snegovoy,Russia,58.2,160.97,2169
300700,Severny,Russia,58.28,160.87,1936
300710,Iettunup,Russia,58.4,161.08,1340
300720,Voyampolsky,Russia,58.374,160.631,1103
302030,Udokan Plateau,Russia,56.28,117.77,2180
302040,Vitim Volcanic Field,Russia,53.75,113.25,1250
302050,Tunkin Depression,Russia,51.5,102.5,1200
302060,Jom-Bolok,Russia,52.713,99.021,2047
302070,Azas Plateau,Russia,52.433,98.303,2765
303010,Taryatu-Chulutu,Mongolia,48.133,99.95,2326
303020,Khanuy Gol,Mongolia,48.67,102.75,1886
303040,Dariganga Volcanic Field,Mongolia,45.754,114.279,1778
304030,Kunlun Volcanic Group,China,35.52,80.2,5808
305010,Honggeertu,China,41.59,113.111,1605
305011,Arxan-Chaihe,China,47.45,120.8,1677
305020,Keluo Group,China,49.37,125.92,670
305030,Wudalianchi,China,48.72,126.12,597
305040,Jingbo,China,44.08,128.83,1000
305050,Longgang Group,China,42.33,126.5,1000
305060,Changbaishan,China-North Korea,41.98,128.08,2744
306020,Ch'uga-ryong,North Korea-South Korea,38.33,127.33,452
306030,Ulreung,South Korea,37.5,130.87,984
306040,Halla,South Korea,33.361,126.53,1919
311010,Buldir,United States,52.35,175.911,656
311020,Kiska,United States,52.103,177.602,1220
311030,Segula,United States,52.015,178.136,1160
311040,Davidof,United States,51.97,178.33,328
311050,Little Sitkin,United States,51.95,178.543,1174
311060,Semisopochnoi,United States,51.93,179.58,1221
311070,Gareloi,United States,51.79,-178.794,1573
311080,Tanaga,United States,51.885,-178.146,1806
311090,Takawangha,United States,51.873,-178.006,1449
311100,Bobrof,United States,51.91,-177.438,738
311110,Kanaga,United States,51.923,-177.168,1307
311111,Moffett,United States,51.944,-176.747,1196
311120,Great Sitkin,United States,52.076,-176.13,1740
311130,Kasatochi,United States,52.177,-175.508,314
311140,Koniuji,United States,52.22,-175.13,273
311160,Atka,United States,52.331,-174.139,1448
311161,Korovin,United States,52.381,-174.166,1518
311180,Seguam,United States,52.315,-172.51,1054
311190,Amukta,United States,52.5,-171.252,1066
311200,Chagulak,United States,52.577,-171.13,1142
311210,Yunaska,United States,52.643,-170.629,550
311220,Herbert,United States,52.742,-170.111,1280
311230,Carlisle,United States,52.894,-170.054,1620
311240,Cleveland,United States,52.825,-169.944,1730
311241,Tana,United States,52.83,-169.77,1170
311250,Uliaga,United States,53.065,-169.77,888
311260,Kagamil,United States,52.974,-169.72,893
311270,Vsevidof,United States,53.13,-168.693,2149
311280,Recheschnoi,United States,53.157,-168.539,1984
311290,Okmok,United States,53.43,-168.13,1073
311300,Bogoslof,United States,53.93,-168.03,150
311310,Makushin,United States,53.891,-166.923,1800
311320,Akutan,United States,54.134,-165.986,1303
311340,Westdahl,United States,54.516,-164.65,1563
311350,Fisher,United States,54.65,-164.43,1112
311360,Shishaldin,United States,54.756,-163.97,2857
311370,Isanotski,United States,54.765,-163.723,2446
311380,Roundtop,United States,54.8,-163.589,1871
311390,Amak,United States,55.424,-163.149,488
312010,Frosty,United States,55.067,-162.835,1728
312011,Dutton,United States,55.183,-162.276,1465
312020,Emmons Lake,United States,55.341,-162.073,1436
312030,Pavlof,United States,55.417,-161.894,2493
312040,Pavlof Sister,United States,55.457,-161.854,2142
312050,Dana,United States,55.641,-161.214,1354
312051,Stepovak Bay 2,United States,55.913,-160.041,1323
312052,Stepovak Bay 3,United States,55.929,-160.002,1555
312053,Stepovak Bay 4,United States,55.954,-159.954,1557
312060,Kupreanof,United States,56.011,-159.797,1895
312070,Veniaminof,United States,56.17,-159.38,2507
312080,Black Peak,United States,56.552,-158.785,1032
312090,Aniakchak,United States,56.88,-158.17,1341
312100,Yantarni,United States,57.019,-157.185,1345
312110,Chiginagak,United States,57.135,-156.99,2221
312120,Kialagvik,United States,57.203,-156.745,1677
312130,Ugashik-Peulik,United States,57.751,-156.368,1474
312131,Ukinrek Maars,United States,57.832,-156.51,91
312132,Unnamed,United States,57.87,-155.411,402
312140,Martin,United States,58.172,-155.361,1863
312150,Mageik,United States,58.195,-155.253,2165
312160,Trident,United States,58.236,-155.1,1864
312170,Katmai,United States,58.28,-154.963,2047
312180,Novarupta,United States,58.27,-155.157,841
312190,Griggs,United States,58.354,-155.092,2317
312200,Snowy Mountain,United States,58.336,-154.682,2162
312210,Denison,United States,58.418,-154.449,2287
312220,Steller,United States,58.43,-154.4,2272
312230,Kukak,United States,58.453,-154.355,2043
312250,Kaguyak,United States,58.608,-154.028,901
312260,Fourpeaked,United States,58.77,-153.672,2105
312270,Douglas,United States,58.855,-153.542,2140
313010,Augustine,United States,59.363,-153.43,1252
313020,Iliamna,United States,60.032,-153.09,3053
313030,Redoubt,United States,60.485,-152.742,3108
313040,Spurr,United States,61.299,-152.251,3374
313050,Hayes,United States,61.64,-152.411,3034
314010,St. Paul Island,United States,57.18,-170.3,203
314030,Ingakslugwat Hills,United States,61.43,-164.47,190
314040,St. Michael,United States,63.45,-162.12,715
314060,Imuruk Lake,United States,65.517,-163.45,610
315001,Buzzard Creek,United States,64.062,-148.433,830
315020,Wrangell,United States,62.006,-144.017,4278
315030,Churchill,United States,61.38,-141.75,5005
315040,Edgecumbe,United States,57.05,-135.75,970
315050,Duncan Canal,United States,56.5,-133.1,15
315060,Tlevak Strait-Suemez Is.,United States,55.25,-133.3,50
315070,Behm Canal-Rudyerd Bay,United States,55.32,-131.05,500
320010,Fort Selkirk,Canada,62.93,-137.38,1239
320020,Alligator Lake,Canada,60.42,-135.42,2217
320030,Atlin Volcanic Field,Canada,59.68,-133.32,1880
320031,Tuya Volcanic Field,Canada,59.37,-130.58,2123
320040,Heart Peaks,Canada,58.6,-131.97,2012
320050,Level Mountain,Canada,58.42,-131.35,2190
320060,Edziza,Canada,57.72,-130.63,2786
320070,Spectrum Range,Canada,57.43,-130.68,2430
320080,Hoodoo Mountain,Canada,56.78,-131.28,1850
320090,Iskut-Unuk River Cones,Canada,56.58,-130.55,1880
320100,Tseax River Cone,Canada,55.12,-128.9,609
320110,Crow Lagoon,Canada,54.7,-130.23,335
320120,Milbanke Sound Group,Canada,52.5,-128.73,335
320140,Nazko,Canada,52.928,-123.732,1238
320150,Wells Gray-Clearwater,Canada,52.33,-120.57,2576
320160,Silverthrone,Canada,51.43,-126.3,3160
320170,Bridge River Cones,Canada,50.8,-123.4,2500
320180,Meager,Canada,50.63,-123.5,2680
320190,Garibaldi Lake,Canada,49.933,-123,2316
320200,Garibaldi,Canada,49.85,-123,2678
320811,Cayley Volcanic Field,Canada,50.12,-123.28,2375
321010,Baker,United States,48.777,-121.813,3285
321020,Glacier Peak,United States,48.112,-121.113,3213
321030,Rainier,United States,46.853,-121.76,4392
321040,Adams,United States,46.206,-121.49,3742
321050,St. Helens,United States,46.2,-122.18,2549
321060,West Crater,United States,45.88,-122.08,1329
321070,Indian Heaven,United States,45.93,-121.82,1806
322010,Hood,United States,45.374,-121.695,3426
322020,Jefferson,United States,44.674,-121.8,3199
322030,Blue Lake Crater,United States,44.411,-121.774,1230
322040,Sand Mountain Field,United States,44.38,-121.93,1664
322060,Belknap,United States,44.285,-121.841,2095
322070,Three Sisters,United States,44.133,-121.767,3159
322090,Bachelor,United States,43.979,-121.688,2763
322100,Davis Lake,United States,43.57,-121.82,2163
322110,Newberry,United States,43.722,-121.229,2434
322120,Devils Garden,United States,43.512,-120.861,1698
322150,Cinnamon Butte,United States,43.241,-122.108,1956
322160,Crater Lake,United States,42.93,-122.12,2487
322170,Diamond Craters,United States,43.1,-118.75,1435
322190,Jordan Craters,United States,43.147,-117.46,1473
323010,Shasta,United States,41.409,-122.193,4317
323020,Medicine Lake,United States,41.611,-121.554,2412
323080,Lassen Volcanic Center,United States,40.492,-121.508,3187
323100,Clear Lake,United States,38.97,-122.77,1439
323110,Mono Lake Volcanic Field,United States,38,-119.03,2121
323120,Mono-Inyo Craters,United States,37.804,-119.029,2796
323150,Mammoth Mountain,United States,37.631,-119.032,3369
323160,Ubehebe Craters,United States,37.02,-117.45,752
323170,Golden Trout Creek,United States,36.358,-118.32,2886
323200,Salton Buttes,United States,33.197,-115.616,-40
324010,Black Butte Crater Lava Field,United States,43.183,-114.352,1478
324020,Craters of the Moon,United States,43.42,-113.5,2005
324030,Wapi Lava Field,United States,42.88,-113.22,1604
324040,Hell's Half Acre,United States,43.5,-112.45,1631
325010,Yellowstone,United States,44.43,-110.67,2805
326010,Soda Lakes,United States,39.53,-118.87,1251
327040,Markagunt Plateau,United States,37.58,-112.67,2840
327050,Black Rock Desert,United States,38.97,-112.5,1800
327110,Carrizozo,United States,33.78,-105.93,1731
327120,Zuni-Bandera,United States,34.8,-108,2550
327812,Red Hill,United States,34.25,-108.83,2300
328010,Dotsero,United States,39.661,-107.035,2230
329010,Uinkaret Field,United States,36.38,-113.13,1555
329020,San Francisco Volcanic Field,United States,35.347,-111.678,3850
331005,West Valley Segment,Canada,48.78,-128.64,-2550
331010,Endeavour Segment,Canada,47.95,-129.1,-2050
331011,Cobb Segment,Canada,46.88,-129.33,-2100
331020,CoAxial Segment,Undersea Features,46.52,-129.58,-2400
331021,Axial Seamount,Undersea Features,45.95,-130,-1410
331030,Cleft Segment,Undersea Features,44.83,-130.3,-2140
331031,North Gorda Ridge Segment,Undersea Features,42.67,-126.78,-3000
331032,Jackson Segment,Undersea Features,42.15,-127.05,-3100
331040,Escanaba Segment,Undersea Features,40.98,-127.5,-1700
331060,East Blanco Depression,Undersea Features,44.267,-129.879,-3000
332000,Loihi,United States,18.92,-155.27,-975
332010,Kilauea,United States,19.421,-155.287,1222
332020,Mauna Loa,United States,19.475,-155.608,4170
332030,Mauna Kea,United States,19.82,-155.47,4205
332040,Hualalai,United States,19.692,-155.87,2523
332060,Haleakala,United States,20.708,-156.25,3055
333010,Teahitia,France,-17.564,-148.821,-1743
333020,Rocard,France,-17.662,-148.586,-2515
333030,Moua Pihaa,France,-18.325,-148.525,-312
333040,Mehetia,France,-17.874,-148.068,389
333050,Adams Seamount,Undersea Features,-25.37,-129.27,-39
333060,Macdonald,Undersea Features,-28.98,-140.25,-39
334020,Northern EPR at 17°N,Undersea Features,16.55,-105.32,-2700
334021,Northern EPR at 16°N,Undersea Features,15.83,-105.43,-2300
334040,Northern EPR at 10.7°N,Undersea Features,10.73,-103.58,-2900
334050,Northern EPR at 9.8°N,Undersea Features,9.83,-104.3,-2500
334070,Galapagos Rift,Undersea Features,0.792,-86.15,-2430
334100,Southern EPR at 8°S,Undersea Features,-8.27,-107.95,-2800
334120,Southern EPR-Segment K,Undersea Features,-17.436,-113.206,-2566
334130,Southern EPR-Segment J,Undersea Features,-18.175,-113.35,-2650
334140,Southern EPR-Segment I,Undersea Features,-18.53,-113.42,-2600
335020,Hollister Ridge,Undersea Features,-53.998,-139.845,-1000
335030,Udintsev Transform,Undersea Features,-56.153,-143.373,-5700
341000,"Prieto, Cerro",Mexico,32.418,-115.305,223
341001,Pinacate,Mexico,31.772,-113.498,1200
341002,San Quintin Volcanic Field,Mexico,30.468,-115.996,260
341003,"San Luis, Isla",Mexico,29.97,-114.4,180
341004,Jaraguay Volcanic Field,Mexico,29.33,-114.5,960
341005,Coronado,Mexico,29.08,-113.513,440
341006,Guadalupe,Mexico,29.07,-118.28,1100
341007,San Borja Volcanic Field,Mexico,28.5,-113.75,1360
341011,"Tortuga, Isla",Mexico,27.438,-111.881,224
341012,Comondu-La Purisima,Mexico,26,-111.92,780
341020,Barcena,Mexico,19.3,-110.82,332
341021,Socorro,Mexico,18.78,-110.95,1050
341022,Durango Volcanic Field,Mexico,24.15,-104.45,2075
341023,"Isabel, Isla",Mexico,21.848,-105.886,95
341024,Sanganguey,Mexico,21.45,-104.73,2340
341030,Ceboruco,Mexico,21.125,-104.508,2280
341031,Mascota Volcanic Field,Mexico,20.62,-104.83,2560
341040,Colima,Mexico,19.514,-103.62,3850
341060,Michoacan-Guanajuato,Mexico,19.85,-101.75,3860
341061,Zitacuaro-Valle de Bravo,Mexico,19.4,-100.25,3500
341062,Jocotitlan,Mexico,19.73,-99.758,3900
341070,"Toluca, Nevado de",Mexico,19.108,-99.758,4680
341080,Chichinautzin,Mexico,19.08,-99.13,3930
341081,Papayo,Mexico,19.308,-98.7,3600
341082,Iztaccihuatl,Mexico,19.179,-98.642,5230
341090,Popocatepetl,Mexico,19.023,-98.622,5393
341091,"Malinche, La",Mexico,19.231,-98.032,4461
341092,Serdan-Oriental,Mexico,19.27,-97.47,3485
341093,"Humeros, Los",Mexico,19.68,-97.45,3150
341094,"Atlixcos, Los",Mexico,19.809,-96.526,800
341095,Naolinco Volcanic Field,Mexico,19.67,-96.75,2000
341096,Cofre de Perote,Mexico,19.492,-97.15,4282
341097,"Gloria, La",Mexico,19.33,-97.25,3500
341098,"Cumbres,  Las",Mexico,19.15,-97.27,3940
341100,"Orizaba, Pico de",Mexico,19.03,-97.27,5564
341110,San Martin,Mexico,18.57,-95.2,1650
341120,"Chichon, El",Mexico,17.36,-93.228,1150
341130,Tacana,Mexico-Guatemala,15.132,-92.109,4064
342020,Tajumulco,Guatemala,15.043,-91.903,4203
342030,Santa Maria,Guatemala,14.757,-91.552,3745
342040,Almolonga,Guatemala,14.797,-91.519,3173
342060,Atitlan,Guatemala,14.583,-91.186,3535
342070,Toliman,Guatemala,14.612,-91.189,3158
342080,Acatenango,Guatemala,14.501,-90.876,3976
342090,Fuego,Guatemala,14.473,-90.88,3763
342100,Agua,Guatemala,14.465,-90.743,3760
342110,Pacaya,Guatemala,14.382,-90.601,2569
342111,Cuilapa-Barbarena,Guatemala,14.33,-90.4,1454
342120,Tecuamburro,Guatemala,14.156,-90.407,1845
342121,Jumaytepeque,Guatemala,14.34,-90.271,1802
342130,Moyuta,Guatemala,14.03,-90.1,1662
342140,Flores,Guatemala,14.308,-89.992,1600
342141,Tahual,Guatemala,14.43,-89.9,1716
342150,"Santiago, Cerro",Guatemala,14.33,-89.87,1192
342160,Suchitan,Guatemala,14.4,-89.78,2042
342170,Chingo,Guatemala-El Salvador,14.12,-89.73,1775
342180,Ixtepeque,Guatemala,14.42,-89.68,1292
342190,Ipala,Guatemala,14.55,-89.63,1650
342200,Chiquimula Volcanic Field,Guatemala,14.83,-89.55,1192
342210,Quezaltepeque,Guatemala,14.57,-89.45,1200
343001,San Diego,El Salvador-Guatemala,14.27,-89.48,781
343002,"Singuil, Cerro",El Salvador,14.054,-89.631,926
343010,Apaneca Range,El Salvador,13.891,-89.786,2036
343020,Santa Ana,El Salvador,13.853,-89.63,2381
343030,Izalco,El Salvador,13.813,-89.633,1950
343041,Coatepeque Caldera,El Salvador,13.87,-89.55,746
343050,San Salvador,El Salvador,13.734,-89.294,1893
343051,"Cinotepeque, Cerro",El Salvador,14.02,-89.25,665
343052,Guazapa,El Salvador,13.9,-89.12,1438
343060,Ilopango,El Salvador,13.672,-89.053,450
343070,San Vicente,El Salvador,13.595,-88.837,2182
343071,Apastepeque Field,El Salvador,13.72,-88.77,700
343072,Taburete,El Salvador,13.435,-88.532,1172
343080,Tecapa,El Salvador,13.494,-88.502,1593
343081,Usulutan,El Salvador,13.419,-88.471,1449
343082,"Tigre, El",El Salvador,13.47,-88.43,1640
343090,Chinameca,El Salvador,13.478,-88.33,1300
343100,San Miguel,El Salvador,13.434,-88.269,2130
343101,"Aramuaca, Laguna",El Salvador,13.428,-88.105,181
343130,"Tigre, Isla el",Honduras,13.272,-87.641,783
343140,"Zacate Grande, Isla",Honduras,13.33,-87.63,640
343150,"Yojoa, Lake",Honduras,14.98,-87.98,1090
343160,Utila Island,Honduras,16.12,-86.882,74
344010,Cosiguina,Nicaragua,12.98,-87.57,872
344020,San Cristobal,Nicaragua,12.702,-87.004,1745
344040,Telica,Nicaragua,12.606,-86.84,1036
344060,Rota,Nicaragua,12.55,-86.75,832
344070,"Negro, Cerro",Nicaragua,12.506,-86.702,728
344080,"Pilas, Las",Nicaragua,12.495,-86.688,1088
344090,Momotombo,Nicaragua,12.423,-86.539,1270
344091,Apoyeque,Nicaragua,12.242,-86.342,518
344092,Nejapa-Miraflores,Nicaragua,12.12,-86.32,360
344100,Masaya,Nicaragua,11.985,-86.165,594
344101,Granada,Nicaragua,11.92,-85.98,300
344110,Mombacho,Nicaragua,11.826,-85.968,1344
344111,Zapatera,Nicaragua,11.73,-85.82,629
344120,Concepcion,Nicaragua,11.538,-85.622,1700
344131,Esteli,Nicaragua,13.17,-86.4,899
344132,"Ciguatepe, Cerro el",Nicaragua,12.53,-86.142,603
344133,"Lajas, Las",Nicaragua,12.3,-85.73,926
345010,Orosi,Costa Rica,10.98,-85.473,1659
345020,Rincon de la Vieja,Costa Rica,10.83,-85.324,1916
345030,Miravalles,Costa Rica,10.748,-85.153,2028
345031,Tenorio,Costa Rica,10.673,-85.015,1916
345033,Arenal,Costa Rica,10.463,-84.703,1670
345034,Platanar,Costa Rica,10.3,-84.366,2267
345040,Poas,Costa Rica,10.2,-84.233,2708
345050,Barva,Costa Rica,10.135,-84.1,2906
345060,Irazu,Costa Rica,9.979,-83.852,3432
345070,Turrialba,Costa Rica,10.025,-83.767,3340
346010,Baru,Panama,8.808,-82.543,3474
346030,"Valle, El",Panama,8.58,-80.17,1185
351011,Romeral,Colombia,5.203,-75.363,3769
351012,"Bravo, Cerro",Colombia,5.091,-75.293,3985
351020,"Ruiz, Nevado del",Colombia,4.892,-75.324,5279
351021,Santa Isabel,Colombia,4.818,-75.365,4944
351030,"Tolima, Nevado del",Colombia,4.658,-75.33,5215
351040,Machin,Colombia,4.487,-75.389,2749
351050,"Huila, Nevado del",Colombia,2.93,-76.03,5364
351060,Purace,Colombia,2.32,-76.4,4650
351061,Sotara,Colombia,2.108,-76.592,4400
351062,Petacas,Colombia,1.666,-76.814,3280
351070,Dona Juana,Colombia,1.5,-76.936,4137
351080,Galeras,Colombia,1.22,-77.37,4276
351090,Azufral,Colombia,1.08,-77.68,4070
351100,Cumbal,Colombia,0.95,-77.87,4764
351110,Chiles-Cerro Negro,Colombia-Ecuador,0.817,-77.938,4698
352001,Soche,Ecuador,0.552,-77.58,3955
352002,Chachimbiro,Ecuador,0.468,-78.287,4106
352003,Cuicocha,Ecuador,0.308,-78.364,3246
352004,Imbabura,Ecuador,0.258,-78.183,4609
352005,Mojanda,Ecuador,0.13,-78.27,4263
352006,Cayambe,Ecuador,0.029,-77.986,5790
352010,Reventador,Ecuador,-0.077,-77.656,3562
352011,Pululahua,Ecuador,0.038,-78.463,3356
352020,Guagua Pichincha,Ecuador,-0.171,-78.598,4784
352021,Atacazo,Ecuador,-0.353,-78.617,4463
352022,Chacana,Ecuador,-0.375,-78.25,4643
352030,Antisana,Ecuador,-0.481,-78.141,5753
352031,Aliso,Ecuador,-0.53,-78,4267
352040,Sumaco,Ecuador,-0.538,-77.626,3990
352041,Illiniza,Ecuador,-0.659,-78.714,5248
352050,Cotopaxi,Ecuador,-0.677,-78.436,5911
352060,Quilotoa,Ecuador,-0.85,-78.9,3914
352071,Chimborazo,Ecuador,-1.464,-78.815,6310
352080,Tungurahua,Ecuador,-1.467,-78.442,5023
352081,Licto,Ecuador,-1.78,-78.613,3336
352090,Sangay,Ecuador,-2.005,-78.341,5286
353010,Fernandina,Ecuador,-0.37,-91.55,1476
353011,Ecuador,Ecuador,-0.02,-91.546,790
353020,Wolf,Ecuador,0.02,-91.35,1710
353030,Darwin,Ecuador,-0.18,-91.28,1330
353040,Alcedo,Ecuador,-0.43,-91.12,1130
353050,"Negra, Sierra",Ecuador,-0.83,-91.17,1124
353060,"Azul, Cerro",Ecuador,-0.92,-91.408,1640
353070,Pinta,Ecuador,0.58,-90.75,780
353080,Marchena,Ecuador,0.33,-90.47,343
353081,Genovesa,Ecuador,0.32,-89.958,64
353090,Santiago,Ecuador,-0.22,-90.77,920
353091,Santa Cruz,Ecuador,-0.62,-90.33,864
353120,San Cristobal,Ecuador,-0.88,-89.5,759
354000,Quimsachata,Peru,-14.176,-71.351,3693
354001,"Auquihuato, Cerro",Peru,-15.07,-73.18,4980
354002,Sara Sara,Peru,-15.33,-73.45,5522
354003,Coropuna,Peru,-15.52,-72.65,6377
354004,Andahua-Orcopampa,Peru,-15.42,-72.33,4713
354005,Huambo,Peru,-15.83,-72.13,4550
354006,Sabancaya,Peru,-15.787,-71.857,5960
354007,"Chachani, Nevado",Peru,-16.191,-71.53,6057
354008,"Nicholson, Cerro",Peru,-16.261,-71.754,2525
354010,"Misti, El",Peru,-16.294,-71.409,5822
354020,Ubinas,Peru,-16.355,-70.903,5672
354030,Huaynaputina,Peru,-16.608,-70.85,4850
354031,Ticsani,Peru,-16.755,-70.595,5408
354040,Tutupaca,Peru,-17.026,-70.372,5801
354050,Yucamane,Peru,-17.184,-70.196,5495
354060,"Casiri, Nevados",Peru,-17.47,-69.813,5650
355010,Tacora,Chile-Peru,-17.72,-69.77,5980
355011,Taapaca,Chile,-18.1,-69.5,5860
355012,Parinacota,Chile-Bolivia,-18.166,-69.142,6336
355020,Guallatiri,Chile,-18.42,-69.092,6071
355021,Tambo Quemado,Bolivia,-18.62,-68.75,4215
355030,Isluga,Chile,-19.15,-68.83,5550
355032,Tata Sabaya,Bolivia,-19.13,-68.53,5430
355035,"Jayu Khota, Laguna",Bolivia,-19.463,-67.432,3650
355036,Jatun Mundo Quri Warani,Bolivia,-19.78,-66.48,5438
355040,Irruputuncu,Chile-Bolivia,-20.73,-68.55,5163
355042,Pampa Luxsar,Bolivia,-20.85,-68.2,5543
355050,Olca-Paruma,Chile-Bolivia,-20.939,-68.413,5705
355061,"Azufre, Cerro del",Chile,-21.787,-68.237,5846
355070,San Pedro-San Pablo,Chile,-21.888,-68.391,6142
355090,Putana,Chile,-22.557,-67.853,5884
355091,Sairecabur,Chile-Bolivia,-22.72,-67.892,5971
355092,Licancabur,Chile-Bolivia,-22.83,-67.88,5916
355093,Guayaques,Chile-Bolivia,-22.895,-67.566,5598
355094,Purico Complex,Chile,-23,-67.75,5703
355095,Colachi,Chile,-23.236,-67.645,5631
355096,Acamarachi,Chile,-23.292,-67.618,6023
355097,"Overo, Cerro",Chile,-23.52,-67.67,4555
355098,Chiliques,Chile,-23.58,-67.7,5778
355100,Lascar,Chile,-23.37,-67.73,5592
355101,Cordon de Puntas Negras,Chile,-23.743,-67.534,5852
355102,Miniques,Chile,-23.82,-67.77,5910
355103,"Tujle, Cerro",Chile,-23.83,-67.95,3550
355104,Caichinque,Chile,-23.949,-67.74,4458
355105,Tilocalar,Chile,-23.97,-68.13,3109
355106,"Negrillar, El",Chile,-24.18,-68.25,3500
355107,Pular,Chile,-24.188,-68.054,6233
355108,"Negrillar, La",Chile,-24.319,-68.59,4220
355109,Socompa,Chile-Argentina,-24.396,-68.246,6031
355110,Llullaillaco,Chile-Argentina,-24.72,-68.53,6739
355112,Escorial,Chile-Argentina,-25.083,-68.367,5451
355120,Lastarria,Chile-Argentina,-25.168,-68.507,5706
355121,Cordon del Azufre,Chile-Argentina,-25.336,-68.521,5481
355122,"Bayo Gorbea, Cerro",Chile-Argentina,-25.414,-68.588,5413
355123,"Nevada, Sierra",Chile-Argentina,-26.48,-68.58,6173
355124,Falso Azufre,Chile-Argentina,-26.8,-68.37,5906
355125,"Incahuasi, Nevado de",Chile-Argentina,-27.033,-68.296,6638
355130,"Ojos del Salado, Nevados",Chile-Argentina,-27.109,-68.541,6879
355131,"Solo, El",Chile-Argentina,-27.105,-68.713,6205
355150,Tuzgle,Argentina,-24.05,-66.48,5486
355160,Aracar,Argentina,-24.29,-67.783,6095
355161,Unnamed,Argentina,-25.078,-68.266,4652
355180,Antofagasta Volcanic Field,Argentina,-26.12,-67.4,3495
355190,"Condor, El",Argentina,-26.632,-68.361,6373
355200,Peinado,Argentina,-26.623,-68.116,5741
355210,"Blanco, Cerro",Argentina,-26.789,-67.765,4670
355220,Tipas,Argentina,-27.196,-68.561,6658
356011,Easter Island,Chile,-27.15,-109.38,511
357010,Tupungatito,Chile-Argentina,-33.425,-69.797,5660
357020,San Jose,Chile-Argentina,-33.789,-69.895,6070
357021,Maipo,Chile-Argentina,-34.164,-69.832,5323
357022,Palomo,Chile,-34.608,-70.295,4860
357023,"Atuel, Caldera del",Argentina,-34.65,-70.05,5189
357024,Risco Plateado,Argentina,-34.917,-69.981,4999
357030,Tinguiririca,Chile,-34.814,-70.352,4280
357040,Planchon-Peteroa,Chile,-35.223,-70.568,3977
357041,Infiernillo,Argentina,-35.123,-69.9,3007
357042,Calabozos,Chile,-35.558,-70.496,3508
357050,Descabezado Grande,Chile,-35.58,-70.75,3953
357060,"Azul, Cerro",Chile,-35.653,-70.761,3788
357061,"Maule, Laguna del",Chile,-36.058,-70.492,2162
357062,San Pedro-Pellado,Chile,-35.989,-70.849,3621
357063,"Longavi, Nevado de",Chile,-36.193,-71.161,3242
357064,"Blancas, Lomas",Chile,-36.286,-71.009,2268
357065,"Resago, Volcan",Chile,-36.45,-70.92,1890
357066,Payun Matru,Argentina,-36.422,-69.241,3715
357067,Domuyo,Argentina,-36.638,-70.432,4702
357070,"Chillan, Nevados de",Chile,-36.868,-71.378,3180
357072,Tromen,Argentina,-37.144,-70.033,4114
357080,Antuco,Chile,-37.406,-71.349,2979
357081,Trolon,Argentina,-37.738,-70.906,2360
357090,Copahue,Chile-Argentina,-37.856,-71.183,2953
357091,Callaqui,Chile,-37.92,-71.45,3164
357092,"Mariñaqui, Laguna",Chile,-38.255,-71.167,2108
357093,Tolhuaca,Chile,-38.31,-71.645,2739
357100,Lonquimay,Chile,-38.379,-71.586,2832
357101,Tralihue,Argentina,-38.509,-70.898,2448
357102,"Blanca, Laguna",Argentina,-39.02,-70.37,1700
357110,Llaima,Chile,-38.692,-71.729,3125
357111,Sollipulli,Chile,-38.97,-71.52,2282
357112,Caburgua-Huelemolle,Chile,-39.25,-71.75,1652
357120,Villarrica,Chile,-39.42,-71.93,2847
357121,Quetrupillan,Chile,-39.5,-71.7,2360
357122,Lanin,Chile-Argentina,-39.637,-71.502,3776
357123,Huanquihue Group,Argentina,-39.887,-71.58,2189
357130,Mocho-Choshuenco,Chile,-39.927,-72.027,2422
357140,Carran-Los Venados,Chile,-40.35,-72.07,1114
357150,Puyehue-Cordon Caulle,Chile,-40.59,-72.117,2236
357152,"Pantojo, Cerro",Chile-Argentina,-40.768,-71.943,1897
357153,Antillanca Group,Chile,-40.771,-72.153,1990
357160,Puntiagudo-Cordon Cenizos,Chile,-40.969,-72.264,2493
358010,Osorno,Chile,-41.105,-72.496,2659
358011,Tronador,Chile-Argentina,-41.157,-71.885,3478
358012,Cayutue-La Vigueria,Chile,-41.25,-72.27,506
358020,Calbuco,Chile,-41.33,-72.618,1974
358022,Yate,Chile,-41.755,-72.396,2187
358023,Hornopiren,Chile,-41.874,-72.431,1572
358024,Apagado,Chile,-41.88,-72.58,1210
358025,Crater Basalt Volcanic Field,Argentina,-42.018,-70.194,1344
358030,Huequi,Chile,-42.377,-72.578,1318
358040,Michinmahuida,Chile,-42.799,-72.445,2452
358041,Chaiten,Chile,-42.833,-72.646,1122
358049,Yanteles,Chile,-43.497,-72.81,2049
358050,Corcovado,Chile,-43.189,-72.794,1826
358052,Melimoyu,Chile,-44.08,-72.88,2400
358053,Puyuhuapi,Chile,-44.3,-72.53,524
358054,Mentolat,Chile,-44.7,-73.08,1660
358055,Cay,Chile,-45.059,-72.984,2090
358056,Maca,Chile,-45.1,-73.17,2960
358057,"Hudson, Cerro",Chile,-45.9,-72.97,1905
358059,Arenales,Chile,-47.2,-73.48,3437
358060,Lautaro,Chile,-49.019,-73.504,3542
358062,Aguilera,Chile,-50.33,-73.75,2546
358063,Reclus,Chile,-50.964,-73.585,1000
358064,Meullin,Chile,-45.22,-73.05,1080
358070,"Burney, Monte",Chile,-52.33,-73.4,1758
358080,Pali-Aike Volcanic Field,Chile-Argentina,-52.082,-69.698,282
358090,Fueguino,Chile,-54.97,-70.262,157
360010,Saba,Netherlands,17.63,-63.23,887
360020,"Quill, The",Netherlands,17.478,-62.96,601
360030,Liamuiga,Saint Kitts and Nevis,17.37,-62.8,1156
360040,Nevis Peak,Saint Kitts and Nevis,17.15,-62.58,985
360050,Soufriere Hills,United Kingdom,16.72,-62.18,915
360060,Soufriere Guadeloupe,France,16.044,-61.664,1467
360080,"Diables, Morne aux",Dominica,15.612,-61.43,861
360090,"Diablotins, Morne",Dominica,15.503,-61.397,1430
360100,"Trois Pitons, Morne",Dominica,15.37,-61.33,1387
360101,"Watt, Morne",Dominica,15.307,-61.305,1224
360110,"Plat Pays, Morne",Dominica,15.255,-61.341,940
360120,Pelee,France,14.809,-61.165,1394
360140,Qualibou,Saint Lucia,13.83,-61.05,777
360150,Soufriere St. Vincent,Saint Vincent and the Grenadines,13.33,-61.18,1220
360160,Kick 'em Jenny,Grenada,12.3,-61.64,-185
360170,St. Catherine,Grenada,12.15,-61.67,840
370010,Snaefellsjokull,Iceland,64.8,-23.783,1446
370020,Helgrindur,Iceland,64.866,-23.283,986
370030,Ljosufjoll,Iceland,64.9,-22.483,1063
371020,Reykjanes,Iceland,63.85,-22.566,140
371022,Eldey,Iceland,63.733,-23,70
371030,Krysuvik,Iceland,63.883,-22.083,360
371040,Brennisteinsfjoll,Iceland,63.933,-21.783,610
371050,Hengill,Iceland,64.083,-21.416,803
371051,Hromundartindur,Iceland,64.083,-21.333,550
371060,Grimsnes,Iceland,64.05,-20.883,200
371070,Prestahnukur,Iceland,64.583,-20.666,1385
371080,Langjokull,Iceland,64.85,-19.7,1100
371090,Hofsjokull,Iceland,64.833,-18.766,1765
372010,Vestmannaeyjar,Iceland,63.416,-20.266,283
372020,Eyjafjallajokull,Iceland,63.633,-19.633,1651
372030,Katla,Iceland,63.633,-19.083,1490
372040,Tindfjallajokull,Iceland,63.783,-19.716,1464
372050,Torfajokull,Iceland,63.892,-19.122,1280
372070,Hekla,Iceland,63.983,-19.666,1490
373010,Grimsvotn,Iceland,64.416,-17.316,1719
373012,Thordarhyrna,Iceland,64.267,-17.617,1650
373030,Bardarbunga,Iceland,64.633,-17.516,2000
373040,Tungnafellsjokull,Iceland,64.75,-17.916,1523
373050,Kverkfjoll,Iceland,64.653,-16.647,1930
373060,Askja,Iceland,65.033,-16.783,1080
373070,Fremrinamar,Iceland,65.416,-16.666,970
373080,Krafla,Iceland,65.715,-16.728,800
373082,Heidarspordar,Iceland,65.583,-16.817,490
373090,Theistareykir,Iceland,65.833,-17.166,540
373100,Tjornes Fracture Zone,Iceland,66.309,-17.118,-75
374010,Oraefajokull,Iceland,64.05,-16.633,2010
374020,Esjufjoll,Iceland,64.25,-16.583,1620
374801,Snaefell,Iceland,64.783,-15.55,1833
375010,Kolbeinsey Ridge,Iceland,66.67,-18.5,5
376010,Jan Mayen,Norway,71.082,-8.155,2197
377020,East Gakkel Ridge at 85°E,Undersea Features,85.608,85.25,-3800
381040,Pico Fracture Zone,Undersea Features,38.75,-38.08,-4200
382001,Flores,Portugal,39.462,-31.216,914
382002,Corvo,Portugal,39.699,-31.111,718
382010,Fayal,Portugal,38.6,-28.73,1043
382020,Pico,Portugal,38.47,-28.4,2351
382030,San Jorge,Portugal,38.65,-28.08,1053
382040,Graciosa,Portugal,39.02,-27.97,402
382050,Terceira,Portugal,38.73,-27.32,1023
382070,Don Joao de Castro Bank,Portugal,38.23,-26.63,-13
382080,Sete Cidades,Portugal,37.87,-25.78,856
382081,Picos Volcanic System,Portugal,37.78,-25.67,350
382090,Agua de Pau,Portugal,37.77,-25.47,947
382100,Furnas,Portugal,37.77,-25.32,805
382110,Monaco Bank,Portugal,37.6,-25.88,-197
382120,Madeira,Portugal,32.73,-16.97,1862
383010,La Palma,Spain,28.57,-17.83,2426
383020,Hierro,Spain,27.73,-18.03,1500
383030,Tenerife,Spain,28.271,-16.641,3715
383040,Gran Canaria,Spain,28,-15.58,1950
383050,Fuerteventura,Spain,28.358,-14.02,529
383060,Lanzarote,Spain,29.03,-13.63,670
384010,Fogo,Cape Verde,14.95,-24.35,2829
384020,Brava,Cape Verde,14.85,-24.72,900
385030,Romanche Fracture Zone,Undersea Features,-0.433,-19.596,-1528
385050,Ascension,United Kingdom,-7.95,-14.37,858
385052,Walvis Ridge at 33°S,Undersea Features,-32.958,-5.22,-1200
386010,Tristan da Cunha,United Kingdom,-37.092,-12.28,2060
386011,Nightingale Island,United Kingdom,-37.42,-12.48,365
386020,Bouvet,Norway,-54.408,3.351,741
390010,Buckle Island,Antarctica,-66.78,163.25,1239
390011,Young Island,Antarctica,-66.42,162.47,1340
390012,Sturge Island,Antarctica,-67.4,164.83,1167
390013,"Pleiades, The",Antarctica,-72.67,165.5,3040
390015,Melbourne,Antarctica,-74.35,164.7,2732
390016,Unnamed,Antarctica,-76.83,163,-500
390017,Morning,Antarctica,-78.5,163.53,2723
390020,Erebus,Antarctica,-77.53,167.17,3794
390021,Royal Society Range,Antarctica,-78.25,163.33,3000
390022,Berlin,Antarctica,-76.05,-136,3478
390023,Andrus,Antarctica,-75.8,-132.33,2978
390024,Waesche,Antarctica,-77.17,-126.88,3292
390025,Siple,Antarctica,-73.43,-126.67,3110
390026,Toney Mountain,Antarctica,-75.8,-115.83,3595
390027,Takahe,Antarctica,-76.28,-112.08,3460
390028,Hudson Mountains,Antarctica,-74.33,-99.42,749
390029,Peter I Island,Antarctica,-68.85,-90.58,1640
390030,Deception Island,Antarctica,-63.001,-60.652,602
390031,Penguin Island,Antarctica,-62.1,-57.93,180
390040,Bridgeman Island,Antarctica,-62.061,-56.717,240
390041,Paulet,Antarctica,-63.579,-55.78,353
390050,Seal Nunataks Group,Antarctica,-65.03,-60.05,368
390070,Southern Thule,United Kingdom,-59.442,-27.225,1075
390080,Bristol Island,United Kingdom,-59.017,-26.533,1100
390081,Montagu Island,United Kingdom,-58.445,-26.374,1370
390090,Saunders,United Kingdom,-57.8,-26.483,843
390100,Candlemas Island,United Kingdom,-57.08,-26.67,550
390110,Hodson,United Kingdom,-56.712,-27.176,835
390120,Leskov Island,United Kingdom,-56.656,-28.14,190
390130,Zavodovski,United Kingdom,-56.3,-27.57,551
390140,Protector Seamounts,United Kingdom,-55.912,-28.167,-55
390829,James Ross Island,Antarctica,-64.15,-57.75,1630
390847,Melville,Antarctica,-62.02,-57.67,549
